Aken, Jan van, Die LinkeAlbani, Stephan, CDU/CSUAlbsteiger, Katrin, CDU/CSUAlpers, Agnes, Die Linke *Altmaier, Peter, CDU/CSUAmtsberg, Luise, Bündnis 90/Die GrünenAndreae, Kerstin, Bündnis 90/Die GrünenAnnen, Niels, SPDArndt-Brauer, Ingrid, SPDArnold, Rainer, SPDAuernhammer, Artur, CDU/CSUBaehrens, Heike, SPDBaerbock, Annalena, Bündnis 90/Die GrünenBahr, Ulrike, SPDBär, Dorothee, CDU/CSUBarchmann, Heinz-Joachim, SPDBareiß, Thomas, CDU/CSUBarley, Dr. Katarina, SPDBarnett, Doris, SPDBartels, Dr. Hans-Peter, SPD *Barthel, Klaus, SPDBarthle, Norbert, CDU/CSUBartke, Dr. Matthias, SPDBartol, Sören, SPDBartsch, Dr. Dietmar, Die LinkeBas, Bärbel, SPDBätzing-Lichtenthäler, Sabine, SPD *Baumann, Günter, CDU/CSUBeck (Bremen), Marieluise, Bündnis 90/Die GrünenBeck (Köln), Volker, Bündnis 90/Die GrünenBecker, Dirk, SPDBeckmeyer, Uwe, SPDBeermann, Maik, CDU/CSUBehrens, Herbert, Die LinkeBehrens (Börde), Manfred, CDU/CSUBellmann, Veronika, CDU/CSUBenning, Sybille, CDU/CSUBerghegger, Dr. André, CDU/CSUBergner, Dr. Christoph, CDU/CSUBertram, Ute, CDU/CSUBeyer, Peter, CDU/CSUBilger, Steffen, CDU/CSUBinder, Karin, Die LinkeBinding (Heidelberg), Lothar, SPDBinninger, Clemens, CDU/CSUBirkwald, Matthias W., Die LinkeBleser, Peter, CDU/CSUBlienert, Burkhard, SPDBluhm, Heidrun, Die LinkeBöhmer, Prof. Dr. Maria, CDU/CSUBosbach, Wolfgang, CDU/CSUBrackmann, Norbert, CDU/CSUBrähmig, Klaus, CDU/CSUBrand, Michael, CDU/CSUBrandl, Dr. Reinhard, CDU/CSUBrandt, Helmut, CDU/CSUBrantner, Dr. Franziska, Bündnis 90/Die GrünenBrase, Willi, SPDBrauksiepe, Dr. Ralf, CDU/CSUBraun, Dr. Helge, CDU/CSUBrehmer, Heike, CDU/CSUBrinkhaus, Ralph, CDU/CSUBrugger, Agnieszka, Bündnis 90/Die GrünenBrunner, Dr. Karl-Heinz, SPDBuchholz, Christine, Die LinkeBulling-Schröter, Eva, Die LinkeBulmahn, Edelgard, SPDBülow, Marco, SPDBurkert, Martin, SPDCaesar, Cajus, CDU/CSUCastellucci, Prof. Dr. Lars, SPDClaus, Roland, Die LinkeConnemann, Gitta, CDU/CSUCrone, Petra, SPDDaldrup, Bernhard, SPDDağdelen, Sevim, Die LinkeDe Ridder, Dr. rer. pol. Daniela, SPDDehm, Dr. Diether, Die LinkeDeligöz, Ekin, Bündnis 90/Die GrünenDiaby, Dr. rer. nat. Karamba, SPDDinges-Dierig, Alexandra, CDU/CSUDittmar, Sabine, SPDDobrindt, Alexander, CDU/CSUDonth, Michael, CDU/CSUDörflinger, Thomas, CDU/CSUDörmann, Martin, SPDDörner, Katja, Bündnis 90/Die GrünenDött, Marie-Luise, CDU/CSUDrobinski-Weiß, Elvira, SPDDröge, Katharina, Bündnis 90/Die GrünenDurz, Hansjörg, CDU/CSUEberl, Iris, CDU/CSUEbner, Harald, Bündnis 90/Die GrünenEckenbach, Jutta, CDU/CSUEdathy, Sebastian, SPD *Ehrmann, Siegmund, SPDEngelmeier, Michaela, SPDErler, Dr. h.c. Gernot, SPDErnst, Klaus, Die LinkeErnstberger, Petra, SPDEsken, Saskia, SPDEvers-Meyer, Karin, SPDFabritius, Dr. Bernd, CDU/CSUFärber, Hermann, CDU/CSUFechner, Dr. Johannes, SPDFeiler, Uwe, CDU/CSUFeist, Dr. Thomas, CDU/CSUFelgentreu, Dr. Fritz, SPDFerlemann, Enak, CDU/CSUFerner, Elke, SPDFinckh-Krämer, Dr. rer. nat. Ute, SPDFischbach, Ingrid, CDU/CSUFischer (Karlsruhe-Land), Axel E., CDU/CSUFischer (Hamburg), Dirk, CDU/CSUFlachsbarth, Dr. Maria, CDU/CSUFlisek, Christian, SPDFlosbach, Klaus-Peter, CDU/CSUFograscher, Gabriele, SPDFranke, Dr. Edgar, SPDFreese, Ulrich, SPDFrei, Thorsten, CDU/CSUFreitag, Dagmar, SPDFreudenstein, Dr. Astrid, CDU/CSUFriedrich (Hof), Dr. Hans-Peter, CDU/CSUFrieser, Michael, CDU/CSUFuchs, Dr. Michael, CDU/CSUFuchtel, Hans-Joachim, CDU/CSUFunk, Alexander, CDU/CSUGabriel, Sigmar, SPDGädechens, Ingo, CDU/CSUGambke, Dr. Thomas, Bündnis 90/Die GrünenGastel, Matthias, Bündnis 90/Die GrünenGauweiler, Dr. Peter, CDU/CSU *Gebhart, Dr. Thomas, CDU/CSUGehrcke, Wolfgang, Die LinkeGehring, Kai, Bündnis 90/Die GrünenGerdes, Michael, SPDGerig, Alois, CDU/CSUGerster, Martin, SPDGienger, Eberhard, CDU/CSUGiousouf, Cemile, CDU/CSUGleicke, Iris, SPDGlöckner, Angelika, SPDGohlke, Nicole, Die LinkeGolze, Diana, Die Linke *Göppel, Josef, CDU/CSUGöring-Eckardt, Katrin, Bündnis 90/Die GrünenGottschalck, Ulrike, SPDGriese, Kerstin, SPDGrindel, Reinhard, CDU/CSUGroden-Kranich, Ursula, CDU/CSUGröhe, Hermann, CDU/CSUGröhler, Klaus-Dieter, CDU/CSUGroneberg, Gabriele, SPDGroß, Michael, SPDGrosse-Brömer, Michael, CDU/CSUGrotelüschen, Astrid, CDU/CSUGroth, Annette, Die LinkeGrötsch, Uli, SPDGrübel, Markus, CDU/CSUGrund, Manfred, CDU/CSUGrundmann, Oliver, CDU/CSUGrütters, Monika, CDU/CSUGundelach, Dr. Herlind, CDU/CSUGunkel, Wolfgang, SPDGüntzler, Fritz, CDU/CSUGutting, Olav, CDU/CSUGysi, Dr. Gregor, Die LinkeHaase, Christian, CDU/CSUHagedorn, Bettina, SPDHagl-Kehl, Rita, SPDHahn, Dr. André, Die LinkeHahn, Florian, CDU/CSUHajduk, Anja, Bündnis 90/Die GrünenHakverdi, Metin, SPDHampel, Ulrich, SPDHänsel, Heike, Die LinkeHarbarth, Dr. Stephan, CDU/CSUHardt, Jürgen, CDU/CSUHartmann (Wackernheim), Michael, SPDHartmann, Sebastian, SPDHasselfeldt, Gerda, CDU/CSUHaßelmann, Britta, Bündnis 90/Die GrünenHauer, Matthias, CDU/CSUHauptmann, Mark, CDU/CSUHeck, Dr. Stefan, CDU/CSUHeidenblut, Dirk, SPDHeider, Dr. Matthias, CDU/CSUHeiderich, Helmut, CDU/CSUHeil (Peine), Hubertus, SPDHeil, Mechthild, CDU/CSUHein, Dr. Rosemarie, Die LinkeHeinrich (Chemnitz), Frank, CDU/CSUHeinrich, Gabriela, SPDHeld, Marcus, SPDHelfrich, Mark, CDU/CSUHeller, Uda, CDU/CSUHellmich, Wolfgang, SPDHellmuth, Jörg, CDU/CSUHendricks, Dr. Barbara, SPDHenke, Rudolf, CDU/CSUHenn, Heidtrud, SPDHennrich, Michael, CDU/CSUHerzog, Gustav, SPDHeveling, Ansgar, CDU/CSUHiller-Ohm, Gabriele, SPDHintze, Peter, CDU/CSUHinz (Essen), Petra, SPDHinz (Herborn), Priska, Bündnis 90/Die Grünen *Hirte, Christian, CDU/CSUHirte, Prof. Dr. iur. Heribert, CDU/CSUHitschler, Thomas, SPDHochbaum, Robert, CDU/CSUHoffmann, Alexander, CDU/CSUHoffmann (Dortmund), Thorsten, CDU/CSUHofreiter, Dr. Anton, Bündnis 90/Die GrünenHöger, Inge, Die LinkeHögl, Dr. Eva, SPDHöhn, Bärbel, Bündnis 90/Die GrünenHolmeier, Karl, CDU/CSUHolzenkamp, Franz-Josef, CDU/CSUHoppenstedt, Dr. Hendrik, CDU/CSUHorb, Margaret, CDU/CSUHornhues, Bettina, CDU/CSUHuber, Karl-Heinz (Charles M.), CDU/CSUHübinger, Anette, CDU/CSUHunko, Andrej, Die LinkeHupach, Sigrid, Die LinkeHüppe, Hubert, CDU/CSUIlgen, Matthias, SPDIrlstorfer, Erich, CDU/CSUJanecek, Dieter, Bündnis 90/Die GrünenJantz, Christina, SPDJarzombek, Thomas, CDU/CSUJelpke, Ulla, Die LinkeJörrißen, Sylvia, CDU/CSUJost, Reinhold, SPD *Jung, Andreas, CDU/CSUJung, Dr. Franz Josef, CDU/CSUJung, Xaver, CDU/CSUJunge, Frank, SPDJuratovic, Josip, SPDJurk, Thomas, SPDJüttner, Dr. Egon, CDU/CSUKaczmarek, Oliver, SPDKahrs, Johannes, SPDKalb, Bartholomäus, CDU/CSUKammer, Hans-Werner, CDU/CSUKampeter, Steffen, CDU/CSUKampmann, Christina, SPDKanitz, Steffen, CDU/CSUKapschack, Ralf, SPDKarawanskij, Susanna, Die LinkeKarl, Alois, CDU/CSUKarliczek, Anja, CDU/CSUKassner, Kerstin, Die LinkeKaster, Bernhard, CDU/CSUKatzmarek, Gabriele, SPDKauder, Volker, CDU/CSUKaufmann, Dr. Stefan, CDU/CSUKekeritz, Uwe, Bündnis 90/Die GrünenKelber, Ulrich, SPDKermer, Marina, SPDKeul, Katja, Bündnis 90/Die GrünenKiesewetter, Roderich, CDU/CSUKindler, Sven-Christian, Bündnis 90/Die GrünenKippels, Dr. Georg, CDU/CSUKipping, Katja, Die LinkeKiziltepe, Cansel, SPDKlare, Arno, SPDKlein, Volkmar, CDU/CSUKlein-Schmeink, Maria, Bündnis 90/Die GrünenKlimke, Jürgen, CDU/CSUKlingbeil, Lars, SPDKnoerig, Axel, CDU/CSUKoenigs, Tom, Bündnis 90/Die GrünenKoeppen, Jens, CDU/CSUKofler, Dr. Bärbel, SPDKolbe, Daniela, SPDKömpel, Birgit, SPDKoob, Markus, CDU/CSUKörber, Carsten, CDU/CSUKorte, Jan, Die LinkeKoschyk, Hartmut, CDU/CSUKotting-Uhl, Sylvia, Bündnis 90/Die GrünenKovac, Kordula, CDU/CSUKramme, Anette, SPDKrellmann, Jutta, Die LinkeKretschmer, Michael, CDU/CSUKrichbaum, Gunther, CDU/CSUKrings, Dr. Günter, CDU/CSUKrischer, Oliver, Bündnis 90/Die GrünenKrüger, Dr. Hans-Ulrich, SPDKruse, Rüdiger, CDU/CSUKudla, Bettina, CDU/CSUKühn (Tübingen), Christian, Bündnis 90/Die GrünenKühn (Dresden), Stephan, Bündnis 90/Die GrünenKühn-Mengel, Helga, SPDKühne, Dr. Roy, CDU/CSUKünast, Renate, Bündnis 90/Die GrünenKunert, Katrin, Die LinkeKurth, Markus, Bündnis 90/Die GrünenLach, Günter, CDU/CSULagosky, Uwe, CDU/CSULambrecht, Christine, SPDLamers, Dr. Dr. h.c. Karl A., CDU/CSULämmel, Andreas G., CDU/CSULammert, Prof. Dr. Norbert, CDU/CSULandgraf, Katharina, CDU/CSULange (Backnang), Christian, SPDLange, Ulrich, CDU/CSULanzinger, Barbara, CDU/CSULaunert, Dr. Silke, CDU/CSULauterbach, Dr. Karl, SPDLay, Caren, Die LinkeLazar, Monika, Bündnis 90/Die GrünenLehrieder, Paul, CDU/CSULeidig, Sabine, Die LinkeLeikert, Dr. Katja, CDU/CSULemke, Steffi, Bündnis 90/Die GrünenLemme, Steffen-Claudio, SPDLengsfeld, Dr. Philipp, CDU/CSULenkert, Ralph, Die LinkeLenz, Dr. Andreas, CDU/CSULerchenfeld, Philipp Graf, CDU/CSULeutert, Michael, Die LinkeLeyen, Dr. Ursula von der, CDU/CSULezius, Antje, CDU/CSULiebich, Stefan, Die LinkeLiebing, Ingbert, CDU/CSULietz, Matthias, CDU/CSULindholz, Andrea, CDU/CSULindner, Dr. Tobias, Bündnis 90/Die GrünenLinnemann, Dr. Carsten, CDU/CSULips, Patricia, CDU/CSULischka, Burkhard, SPDLorenz, Wilfried, CDU/CSULösekrug-Möller, Gabriele, SPDLotze, Hiltrud, SPDLötzsch, Dr. Gesine, Die LinkeLücking-Michel, Dr. Claudia, CDU/CSULuczak, Dr. Jan-Marco, CDU/CSULudwig, Daniela, CDU/CSULühmann, Kirsten, SPDLutze, Thomas, Die LinkeMaag, Karin, CDU/CSUMagwas, Yvonne, CDU/CSUMahlberg, Thomas, CDU/CSUMaisch, Nicole, Bündnis 90/Die GrünenMaizière, Dr. Thomas de, CDU/CSUMalecha-Nissen, Dr. Birgit, SPDManderla, Gisela, CDU/CSUMarks, Caren, SPDMarschall, Matern von, CDU/CSUMarwitz, Hans-Georg von der, CDU/CSUMast, Katja, SPDMattfeldt, Andreas, CDU/CSUMattheis, Hilde, SPDMayer (Altötting), Stephan, CDU/CSUMeier, Reiner, CDU/CSUMeister, Dr. Michael, CDU/CSUMeiwald, Peter, Bündnis 90/Die GrünenMenz, Birgit, Die LinkeMerkel, Dr. Angela, CDU/CSUMetzler, Jan, CDU/CSUMichalk, Maria, CDU/CSUMichelbach, Dr. h. c. Hans, CDU/CSUMiddelberg, Dr. Mathias, CDU/CSUMiersch, Dr. Matthias, SPDMihalic, Irene, Bündnis 90/Die GrünenMindrup, Klaus, SPDMißfelder, Philipp, CDU/CSU *Mittag, Susanne, SPDMöhring, Cornelia, Die LinkeMonstadt, Dietrich, CDU/CSUMöring, Karsten, CDU/CSUMortler, Marlene, CDU/CSUMotschmann, Elisabeth, CDU/CSUMovassat, Niema, Die LinkeMüller, Bettina, SPDMüller (Braunschweig), Carsten, CDU/CSUMüller (Chemnitz), Detlef, SPDMüller, Dr. Gerd, CDU/CSUMüller (Potsdam), Norbert, Die LinkeMüller (Erlangen), Stefan, CDU/CSUMüller-Gemmeke, Beate, Bündnis 90/Die GrünenMüntefering, Michelle, SPDMurmann, Dr. Philipp, CDU/CSUMutlu, Özcan, Bündnis 90/Die GrünenMützenich, Dr. Rolf, SPDNahles, Andrea, SPDNeu, Dr. Alexander S., Die LinkeNick, Dr. Andreas, CDU/CSUNietan, Dietmar, SPDNissen, Ulli, SPDNoll, Michaela, CDU/CSUNord, Thomas, Die LinkeNotz, Dr. Konstantin von, Bündnis 90/Die GrünenNouripour, Omid, Bündnis 90/Die GrünenNowak, Helmut, CDU/CSUNüßlein, Dr. iur. Georg, CDU/CSUObermeier, Julia, CDU/CSUOellers, Wilfried, CDU/CSUOppermann, Thomas, SPDOßner, Florian, CDU/CSUOstendorff, Friedrich, Bündnis 90/Die GrünenOstermann, Dr. Tim, CDU/CSUOtte, Henning, CDU/CSUÖzdemir, Cem, Bündnis 90/Die GrünenÖzdemir (Duisburg), Mahmut, SPDÖzoğuz, Aydan, SPDPahlmann, Ingrid, CDU/CSUPantel, Sylvia, CDU/CSUPaschke, Markus, SPDPatzelt, Martin, CDU/CSUPätzold, Dr. Martin, CDU/CSUPau, Petra, Die LinkePaus, Lisa, Bündnis 90/Die GrünenPetry, Christian, SPDPetzold (Havelland), Harald, Die LinkePetzold, Ulrich, CDU/CSUPfeiffer, Dr. Joachim, CDU/CSUPfeiffer, Sibylle, CDU/CSUPflugradt, Jeannine, SPDPilger, Detlev, SPDPitterle, Richard, Die LinkePofalla, Ronald, CDU/CSU *Pols, Eckhard, CDU/CSUPoschmann, Sabine, SPDPoß, Joachim, SPDPost (Minden), Achim, SPDPost, Florian, SPDPothmer, Brigitte, Bündnis 90/Die GrünenPriesmeier, Dr. Wilhelm, SPDPronold, Florian, SPDRaabe, Dr. Sascha, SPDRaatz, Dr. Simone, SPDRabanus, Martin, SPDRachel, Thomas, CDU/CSURadomski, Kerstin, CDU/CSURadwan, Alexander, CDU/CSURainer, Alois, CDU/CSURamsauer, Dr. Peter, CDU/CSURawert, Mechthild, SPDRebmann, Stefan, SPDRehberg, Eckhardt, CDU/CSUReiche (Potsdam), Katherina, CDU/CSUReichenbach, Gerold, SPDReimann, Dr. Carola, SPDRenner, Martina, Die LinkeRiebsamen, Lothar, CDU/CSURief, Josef, CDU/CSURiesenhuber, Prof. Dr. Heinz, CDU/CSURimkus, Andreas, SPDRix, Sönke, SPDRohde, Dennis, SPDRöring, Johannes, CDU/CSURosemann, Dr. Martin, SPDRöspel, René, SPDRossmann, Dr. Ernst Dieter, SPDRößner, Tabea, Bündnis 90/Die GrünenRoth (Augsburg), Claudia, Bündnis 90/Die GrünenRoth (Heringen), Michael, SPDRöttgen, Dr. Norbert, CDU/CSURüddel, Erwin, CDU/CSURüffer, Corinna, Bündnis 90/Die GrünenRupprecht, Albert, CDU/CSURüthrich, Susann, SPDRützel, Bernd, SPDSaathoff, Johann, SPDSarrazin, Manuel, Bündnis 90/Die GrünenSawade, Annette, SPDSchabedoth, Dr. Hans-Joachim, SPDSchäfer (Saalstadt), Anita, CDU/CSUSchäfer (Bochum), Axel, SPDScharfenberg, Elisabeth, Bündnis 90/Die GrünenSchäuble, Dr. Wolfgang, CDU/CSUSchauws, Ulle, Bündnis 90/Die GrünenSchavan, Annette, CDU/CSU *Scheer, Dr. Nina, SPDScheuer, Andreas, CDU/CSUSchick, Dr. Gerhard, Bündnis 90/Die GrünenSchieder, Marianne, SPDSchiefner, Udo, SPDSchiewerling, Karl, CDU/CSUSchimke, Jana, CDU/CSUSchindler, Norbert, CDU/CSUSchipanski, Tankred, CDU/CSUSchlecht, Michael, Die LinkeSchlegel, Dr. Dorothee, SPDSchmelzle, Heiko, CDU/CSUSchmidt (Fürth), Christian, CDU/CSUSchmidt (Wetzlar), Dagmar, SPDSchmidt, Dr. Frithjof, Bündnis 90/Die GrünenSchmidt (Ühlingen), Gabriele, CDU/CSUSchmidt (Berlin), Matthias, SPDSchmidt (Aachen), Ulla, SPDSchmitt, Ronja, CDU/CSUSchneider (Erfurt), Carsten, SPDSchnieder, Patrick, CDU/CSUSchockenhoff, Dr. Andreas, CDU/CSU *Schön (St. Wendel), Nadine, CDU/CSUSchröder (Wiesbaden), Dr. Kristina, CDU/CSUSchröder, Dr. Ole, CDU/CSUSchulte, Ursula, SPDSchulte-Drüggelte, Bernhard, CDU/CSUSchulz (Spandau), Swen, SPDSchulz-Asche, Kordula, Bündnis 90/Die GrünenSchulze, Dr. Klaus-Peter, CDU/CSUSchummer, Uwe, CDU/CSUSchurer, Ewald, SPDSchuster (Weil am Rhein), Armin, CDU/CSUSchwabe, Frank, SPDSchwartze, Stefan, SPDSchwarz, Andreas, SPDSchwarzelühr-Sutter, Rita, SPDSchwarzer, Christina, CDU/CSUSeif, Detlef, CDU/CSUSelle, Johannes, CDU/CSUSendker, Reinhold, CDU/CSUSensburg, Prof. Dr. Patrick, CDU/CSUSiebert, Bernd, CDU/CSUSieling, Dr. Carsten, SPDSilberhorn, Thomas, CDU/CSUSinghammer, Johannes, CDU/CSUSitte, Dr. Petra, Die LinkeSorge, Tino, CDU/CSUSpahn, Jens, CDU/CSUSpiering, Rainer, SPDSpinrath, Norbert, SPDStadler, Svenja, SPDStamm-Fibich, Martina, SPDStauche, Carola, CDU/CSUSteffel, Dr. Frank, CDU/CSUSteffen, Sonja, SPDStefinger, Dr. Wolfgang, CDU/CSUStegemann, Albert, CDU/CSUStein, Peter, CDU/CSUSteinbach, Erika, CDU/CSUSteinbrück, Peer, SPDSteineke, Sebastian, CDU/CSUSteiniger, Johannes, CDU/CSUSteinke, Kersten, Die LinkeSteinmeier, Dr. Frank-Walter, SPDStetten, Christian Freiherr von, CDU/CSUStier, Dieter, CDU/CSUStockhofe, Rita, CDU/CSUStorjohann, Gero, CDU/CSUStracke, Stephan, CDU/CSUSträsser, Christoph, SPDStraubinger, Max, CDU/CSUStrebl, Matthäus, CDU/CSUStrengmann-Kuhn, Dr. Wolfgang, Bündnis 90/Die GrünenStrenz, Karin, CDU/CSUStritzl, Thomas, CDU/CSUStröbele, Hans-Christian, Bündnis 90/Die GrünenStrobl (Heilbronn), Thomas, CDU/CSUStrothmann, Lena, CDU/CSUStübgen, Michael, CDU/CSUSütterlin-Waack, Dr. Sabine, CDU/CSUTack, Kerstin, SPDTackmann, Dr. Kirsten, Die LinkeTank, Azize, Die LinkeTauber, Dr. Peter, CDU/CSUTausend, Claudia, SPDTempel, Frank, Die LinkeTerpe, Dr. Harald, Bündnis 90/Die GrünenThews, Michael, SPDThissen, Dr. Karin, SPDThönnes, Franz, SPDTiefensee, Wolfgang, SPD *Tillmann, Antje, CDU/CSUTimmermann-Fechter, Astrid, CDU/CSUTräger, Carsten, SPDTressel, Markus, Bündnis 90/Die GrünenTrittin, Jürgen, Bündnis 90/Die GrünenTroost, Dr. Axel, Die LinkeUhl, Dr. Hans-Peter, CDU/CSUUllrich, Dr. Volker, CDU/CSUUlrich, Alexander, Die LinkeVaatz, Arnold, CDU/CSUVeit, Rüdiger, SPDVeith, Oswin, CDU/CSUVerlinden, Dr. Julia, Bündnis 90/Die GrünenViesehon, Thomas, CDU/CSUVietz, Michael, CDU/CSUVogel (Kleinsaara), Volkmar, CDU/CSUVogler, Kathrin, Die LinkeVogt, Ute, SPDVolmering, Sven, CDU/CSUVöpel, Dirk, SPDVoßbeck-Kayser, Christel, CDU/CSUVries, Kees de, CDU/CSUWadephul, Dr. Johann, CDU/CSUWagenknecht, Dr. Sahra, Die LinkeWagner, Doris, Bündnis 90/Die GrünenWalter-Rosenheimer, Beate, Bündnis 90/Die GrünenWanderwitz, Marco, CDU/CSUWarken, Nina, CDU/CSUWawzyniak, Halina, Die LinkeWeber, Gabi, SPDWegner, Kai, CDU/CSUWeiler, Albert, CDU/CSUWeinberg, Harald, Die LinkeWeinberg (Hamburg), Marcus, CDU/CSUWeisgerber, Dr. Anja, CDU/CSUWeiß (Emmendingen), Peter, CDU/CSUWeiss (Wesel I), Sabine, CDU/CSUWellenreuther, Ingo, CDU/CSUWellmann, Karl-Georg, CDU/CSUWendt, Marian, CDU/CSUWerner, Katrin, Die LinkeWestermayer, Waldemar, CDU/CSUWestphal, Bernd, SPDWhittaker, Kai, CDU/CSUWichtel, Peter, CDU/CSUWicklein, Andrea, SPDWidmann-Mauz, Annette, CDU/CSUWiese, Dirk, SPDWiese (Ehingen), Heinz, CDU/CSUWillsch, Klaus-Peter, CDU/CSUWilms, Dr. Valerie, Bündnis 90/Die GrünenWinkelmeier-Becker, Elisabeth, CDU/CSUWittke, Oliver, CDU/CSUWöhrl, Dagmar G., CDU/CSUWolff (Wolmirstedt), Waltraud, SPDWöllert, Birgit, Die LinkeWoltmann, Barbara, CDU/CSUWunderlich, Jörn, Die LinkeYüksel, Gülistan, SPDZdebel, Hubertus, Die LinkeZech, Tobias, CDU/CSUZertik, Heinrich, CDU/CSUZeulner, Emmi, CDU/CSUZiegler, Dagmar, SPDZierke, Stefan, SPDZimmer, Prof. Dr. Matthias, CDU/CSUZimmermann, Dr. Jens, SPDZimmermann, Pia, Die LinkeZimmermann (Zwickau), Sabine, Die LinkeZöllmer, Manfred, SPDZollner, Gudrun, CDU/CSUZypries, Brigitte, SPD